name	Creature Level
KANKER	2
BIJAN AND ZAYNAP OHRLAVI	5
CROWD LEADER	-1
CROWD AGITATOR	1
FLESHFORGE DREG	3
FLESHFORGE PROTOTYPE	5
SHADOW WISP	0
GREATER SHADOW WISP	3
UNKILLABLE ZOMBIE BRUTE	3
BARBED BLOODSEEKER	1
YOUNG BLOODSEEKER SWARM	3
MITFLIT SNEAK	1
GWIBBLE	1
GWIBBLE	3
RAVENOUS GIANT CENTIPEDE	1
DESERT WIND	1
LARRAZ VIRTANNE	1
RALTHISS	2
RALTHISS	4
SKELETAL GLADIATOR	4
ZOMBIE RIDING HORSE	1
ZOMBIE WARHORSE	3
OSPREY	-1
GIANT OSPREY	3
FROG SWARM	-1
HALFLING DRUID	0
HALFLING DRUID	2
VENGEANT THORN	3
VENGEANT THORN	5
REEFCLAW SPAWN	0
RABID SQUIRREL SWARM	1
SQUIRREL SWARM	1
MOUNTAIN GOAT	0
TOUGH MOUNTAIN GOAT	1
OGRE	2
ORC ALCHEMIST	1
ENRAGED RAVEN SWARM	4
GIANT SHREW	-1
TOUGH GIANT SHREW	1
DIRE WARG	4
LESSER GUARDIAN STATUE	-1
SPIRIT GUARDIAN STATUE	3
PINE BRUTE	1
ENLIGHTENED AWAKENED TREE	6
ANGRY FOX	-1
LOYAL GIANT FOX	1
HUMAN BANDIT	-1
TENGU SNEAK	2
DOROBU	3
VICIOUS VULPINE	3
DOROBU	6
EERIE SKELETAL GIANT	3
SKELETAL MAGE	5
MERCENARY	-1
EXPERIENCED MERCENARY	1
MARCON TINOL	1
MARCON TINOL	3
GUARD	-1
REBEL	-1
WATERWORKS REBEL	-1
CHOPS	0
ELITE REBEL	1
ELITE WATERWORKS REBEL	1
GUARD CAPTAIN	1
HARSUS	1
NALLA, REBEL LEADER	1
CHOPS	2
REBEL BRUTE	2
VIGILANT GUARD	2
HARSUS	3
NALLA, REBEL LEADER	3
VETERAN GUARD CAPTAIN	4
METALLIC SOD HOUND	3
GREATER METALLIC SOD HOUND	5
STEEL MEPHIT	1
GREATER STEEL MEPHIT	4
PARAVAAX	5
PARAVAAX	7
SEA DEVIL INVADER	4
LESSER GIANT SHORT-FACED BEAR	4
GIANT SHORT-FACED BEAR	6
GHOST OF DIGGEN THRUNE	4
KOBOLD DRAGON SPELLWEAVER	4
NASHAXIAN THE BORED	3
NASHAXIAN THE ANGERED	5
FLAMING SKULL SKELETON GUARD	-1
FLAMING SKULL SKELETAL CHAMPION	2
HUNGRY BLADE RECRUIT	1
HUNGRY BLADE APPRENTICE	2
BARRALBUS	3
BARRALBUS	5
THE ASCENDANT	6
THE ASCENDANT	8
BANDIT SCOUT	0
BANDIT LIEUTENANT	2
KEFF THE LION	3
KIP THE DRUID	3
KEFF THE LION	4
KIP THE DRUID	4
GOBLIN SKELETON	-1
CINDER WOLF	1
DIRE CINDER WOLF	3
HOGWEED LESHY	-1
PLUM LESHY	-1
HOGWEED LESHY	1
PLUM LESHY	1
FARMER DRYSTAN'S SCARECROW	1
FARMER DRYSTAN'S SCARECROW	3
LESHY CRAFTER	3
LESHY CRAFTER	5
MIRRORED LELZESHIN	2
MIRRORED LELZESHIN	4
LELZESHIN	5
LELZESHIN	7
GUARD	1
THORNED COCOON	2
PALACE GUARD	3
WEBHEKIZ	3
THORNED COCOON	4
WEBHEKIZ	5
MANIFESTATION OF QXAL	6
MANIFESTATION OF QXAL	8
IMMATURE GIANT GECKO	0
GLASS RIVER MIDGE	-1
SKELETON SOLDIER	-1
SKELETON CORPORAL	1
SKELETAL MOUNT	2
SKELETON CAPTAIN	2
ZOMBIE CHARGER	-1
ELDERLY GIANT TARANTULA	3
CAIRN WIGHT	3
MR. CHITTERS	3
MR. CHITTERS	5
NEVASHI	5
VOIDWORM OUROBOROS	5
NEVASHI	7
GROETUS'S CHOSEN	-1
GROETUS'S CHOSEN	1
LITTLE ZURA	1
PTIRO VALNER	1
REAST MYCER	2
AHKSIVA	3
LITTLE ZURA	3
PTIRO VALNER	3
REAST MYCER	4
AHKSIVA	5
KROOTH HATCHLINGS	3
DEHYDRATED KROOTH	6
BLUE STREAK SENTRY	2
BLUE STREAK MAGE	3
BLUE STREAK AMBUSHER	4
BLUE STREAK BURGLAR	4
BLUE STREAK AMBUSHER	5
BLUE STREAK MAGE	5
SYNTHETIC KHISMAR	6
SYNTHETIC KHISMAR	8
GIANT PIRATE SKELETON	8
MUMMY SHAMBLERS	-1
MUMMY BRUTE	2
STATUE OF SET	6
INJURED SEWER OOZE	0
INJURED WEAK OTYUGH	2
AWAKENED BALL PYTHON	1
AWAKENED GIANT CHAMELEON	3
AWAKENED GIANT FRILLED LIZARD	5
ACOLYTE OF NETHYS	1
AWAKENED MEGALANIA	7
QXAL, THE THORNED MONARCH	9
ABYSSAL FUNGI	2
ABYSSAL FUNGI	2
VALGOMORUS	3
VALGOMORUS	5
GOBLIN SKELETON	-1
HOBGOBLIN SKELETON	1
SSALARN	2
CHUPACABRA	3
KAYAJIMA BOAR	3
KAYAJIMA DAEODON	5
WIND MALEVOLENT	3
WIND MALEVOLENT	5
KAYAJIMA GUARDIAN DOGU	5
KAYAJIMA GUARDIAN DOGU	7
DESICCATED GIANT CRAWLING HAND	3
LESSER BRUORSIVI MANDRAGORA	1
BRUORSIVI MANDRAGORA	4
LESSER SKELETAL CYCLOPE	1
SKELETAL CYCLOPE	3
MUTATED TROLLHOUND	5
KAREIDA	1
TEFLAR	2
DRAUGR RAIDER	4
TEWAKAM NEKOTEK	2
TEWAKAM NEKOTEK	4
MURTA KRONNIKSDOTTIR	5
MURTA KRONNIKSDOTTIR	7
FROST TROLL HUNTER	6
FROSTBITTEN TROLLHOUND	2
STORM BEAR	2
STORM BEAR	4
FLAMING EYE	-1
FLAMING EYE	1
ASH SKELETON	1
ASH SKELETON	3
SPARK TROLL	-1
SPARK TROLL	1
FIRE-EYE CYCLOPS ZOMBIE	3
FIRE-EYE CYCLOPS ZOMBIE	5
SADDLEBACK BUNYIP	3
SADDLEBACK BUNYIP	3
WOUNDED DRAGON TURTLE	5
SILAQUI	3
THE SABOTEUR	3
BARON UTOMO	4
THE SABOTEUR	5
BARON UTOMO	6
SEA DEVIL IMPALER	4
RAZORTOOTHED SHARK	1
BLOODTHIRSTY RAZORTOOTHED SHARK	3
ZOMBIE GRINDYLOW	0
FEROCIOUS ZOMBIE GRINDYLOWS	2
SILAQUI	5
ONYX ALLIANCE AGENT	4
ONYX ALLIANCE AGENT	6
OGTHUP	4
RUSSIAN SOLDIER	4
CHESJILAWA JADWIGA KARINA	5
OGTHUP	6
RUSSIAN SOLDIER	6
CHESJILAWA JADWIGA KARINA	7
MISHKA THE BEAR	7
MISHKA THE BEAR	9
SMALL OPOSSUM	1
ANATOMICAL MODEL	2
TOUGH SMALL OPOSSUM	2
THE SCHOLAR OF SORTS	3
ANATOMICAL MODEL	4
THE SCHOLAR OF SORTS	5
STRAK	6
STRAK	8
BURNING SUN ORC	4
SCORCHED EARTH SCOUT	4
SCORCHED EARTH ORC CLIPPER	5
SCORCHED EARTH ORC SHARPSHOOTER	5
BURNING SUN ORC	6
SCORCHED EARTH SCOUT	6
SCORCHED EARTH ORC CLIPPER	7
SCORCHED EARTH ORC SHARPSHOOTER	7
BRITTLE SKELETAL HORSE	1
DANCER-IN-THE-GILDED-EYE	1
KENEWARA	1
OBSERVER 1221646	1
YGRACIX	1
FAMISHED MIMIC	3
MIRIELLE	3
SOLVATAR CARYG	3
GIANT WORKER ANT	1
DEBILITATED BULETTE	6
GREELEEP	3
ASPIS VETERAN GUARD	4
ARTENNOD RAIKE	5
GREELEEP	5
MASTER SERGEANT MORGROAR	5
ARTENNOD RAIKE	7
MASTER SERGEANT MORGROAR	7
MERCENARY TRAPPER	-1
ARCHIS PEERS	1
GRAVE DIGGER	1
MERCENARY TRAPPER	1
MERCENARY WIZARD	1
ARCHIS PEERS	3
MERCENARY WIZARD	3
YOUNG AHUIZOTL	4
CORRUPTED WILDFIRE	3
CORRUPTED WILDFIRE	5
NAZRAZ	1
BANDIT DISCIPLE	-1
BANDIT DISCIPLE	2
MELEEKA SANVARA	2
MELEEKA SANVARA	4
YOUNG SEA SERPENT	1
ADOLESCENT SEA SERPENT	3
OFFENDED GAMBLER	-1
SEABORN FISHER	-1
STORM ACOLYTE	-1
OFFENDED HIGH ROLLER	2
SEABORN CAPTAIN	2
STORM WARRIOR-PRIEST	2
MURAXI	1
MURAXI	3
AHRKINOS	4
AHRKINOS	6
DILAPIDATED ALCHEMICAL GOLEM	3
DAMAGED ALCHEMICAL GOLEM	5
HUMAN BANDITS	1
HUMAN BANDITS	3
NEIDRE FLIAVAZZANA	3
NEIDRE FLIAVAZZANA	5
TECHNIC ZOMBIE	1
TECHNIC ZOMBIE	3
ZATQUALMISH	4
ZATQUALMISH	6
TOXIC SNAPJAW	1
PREFECT	3
TOXIC SNAPJAW	3
PREFECT	5
TANGLETOP	1
ZOZZLARIN	3
KORLOK	5
FREZNELKESH	3
MUDLICKER MAGGOT	0
MORLOCK SCAVENGER	1
MORLOCK ENGINEER	3
GRAULGUST	4
MORLOCK CULTIST	4
BOSS SKRAWNG	1
AUGRAEL	3
CANKER CULTIST	3
BLOODSIPHON	4
JAUL'S WOLF	4
ALLER ROSK	5
JARELLE KALDRIAN	5
NHAKAZARIN	5
WRIN SIVINXI	5
CHANDRIU INVISAR	6
JAUL MEZMIN	6
VOLLUK AZRINAE	7
OTARI ILVASHTI	9
SCALATHRAX	4
BITE BITE	1
MISTER BEAK	3
VAULGRIST	6
MIMNIVIX	3
CORPSELIGHT	2
FLICKERWISP	2
VOIDGLUTTON	8
SZEK	1
HELLFORGE BARBAZU	5
HELLFORGED GLAIVE BARBAZU	5
IYAGIAN	9
DRESHKAN	4
LALLIZANX	6
MULVENTOK	7
GIBTAS BOUNDER	5
GIBTAS SPAWN SWARM	6
GIBTANIUS	8
AULR	10
WARPED BREW TAVERN MORLOCK	2
AZVALVIGANDER	3
GULZASH	4
KRAGALA	4
NOX	4
RYTA	4
CARMAN RAJANI	6
CRATONYS	6
SIORA FALLOWGLADE	7
VISCHARI	7
AFFLICTED IRNAKURSE	8
BARCUMBUK	8
CHAFKHEM	8
JAFAKI	8
MURSCHEN	8
YSONDKHELIR	8
SACUISHU	9
UREVIAN	9
WITCHFIRE WARDEN	9
LARIGOLD RELL	2
VISCOUS BLACK PUDDING	7
SQUABBLING POLTERGEIST	5
SEUGATHI GUARD	6
SEUGATHI RESEARCHER	6
SEUGATHI RESEARCHER	6
SEUGATHI SERVANT	6
SEUGATHI REALITY WARPER	9
SHANRIGOL HEAP	4
SHANRIGOL BEHEMOTH	9
BONE GLADIATOR	7
DUNE CANDLE	6
GROETAN CANDLE	6
SPELLVOID	6
WILL-O'-THE-DEEP	6
BRIGHT WALKER	9
CALIGNI DEFENDER	8
VOIDBRACKEN CHUUL	9
DRAGON'S BLOOD PUFFBALL	8
REAPER SKULL PUFFBALL	9
DEEPWATER DHUTHOREX	9
DREAD DHUTHOREX	11
DROW WARDEN	4
DROW HUNTER	7
IRIBO	8
DROW SHOOTIST	8
BOG-ROTTED FROGHEMOTH	12
CHILD OF BELCORRA	5
GORSALTHITH	9
BHAZRADE AND KLATHOR	9
DULAC	9
ELDER CHILD OF BELCORRA	9
PADLI	9
KHURFEL	10
URTHAGUL	10
GALUDU	11
LADY'S WHISPER	11
QUARA ORSHENDIEL	11
SALAISA MALTHULAS	11
BELCORRA HARUVEX	12
VETHRIS	9
URDEFHAN DEATH SCOUT	6
URDEFHAN LASHER	7
URDEFHAN BLOOD MAGE	8
DREAD WISP	9
ANADI HUNTER	2
ANADI SAGE	4
ANADI ELDER	6
BIG BUMBLE	3
GRETTCH	1
MROAP	1
OOBAK	1
YROACK	1
YOLETCHA	2
DOORWARDEN	5
EMPEROR BIRD	2
GRAULADON	2
GRAVESHELL	1
HELLCROWN	1
BRECKEZ	1
RETCHSKREE	1
SCKREEP	1
SKORP	1
VENAK	1
YASH	1
ZORT	1
BLOODY BLADE MERCENARIES	1
CHARAUKA	1
WARBAL BUMBLEBRASHER	1
PIB	2
ZARF	2
ALAK STAGRAM	2
KRIKK	2
ROAK	2
SKELETAL HELLKNIGHT	2
WERRT	2
CALMONT	3
DMIRI YOLTOSHA	4
RENALI	4
MALARUNK	5
VOZ LIRAYNE	5
RALLDAR	7
BALKA	3
TIXITOG	3
CHIOMA	6
ASANBOSAM	6
BIDA	8
BILOKO WARRIOR	1
BILOKO VETERAN	4
ELOKO	7
HARRIET	3
CHARAU-KA WARRIOR	1
CHARAU-KA ACOLYTE OF ANGAZHAN	3
CHARAU-KA BUTCHER	6
SWEETTOOTH	9
GRIPPLI SCOUT	1
GRIPPLI ARCHER	3
GRIPPLI GREENSPEAKER	5
IZOLITH	10
ITORO	8
KISHI	8
LIVING SAP	6
MOKELE-MBEMBE	9
EKUJAE GUARDIANS	2
CHARAU-KA DRAGON PRIEST	6
NKETIAH	6
GERHARD PENDERGRAST	8
HEZLE	8
JAHSI	8
RACHARAK	8
SPAWN OF DAHAK	8
BELMAZOG	9
KYRION	10
SABOSAN	5
BLOOD BOAR	6
BULLBUTCHER	10
KRAWN	10
KALAVAKUS	10
HAZNAZAK	9
OSYLUTH	9
GHASTLY BEARS	9
AADRUSHIAN	13
SHADOW GIANT	13
SENNA	7
KELLENI	10
MERCENARY SAILORS	5
VAVIENNE	6
SCARLET TRIAD SNEAK	6
HELGI IRONHAIR	7
SCARLET TRIAD THUG	7
SCARLET TRIAD POISONERS	8
HEUBERK THROPP	9
IVENA	10
LURB	10
ONE-EYE AMNIN	10
MIALARI DOCUR	10
RUSTY MAE	10
SCARLET TRIAD BRUISER	10
BARUSHAK IL-VARASHMA	11
NOLLY PELTRY	11
SCARLET TRIAD SNIPERS	11
VAKLISH	12
JAGGAKI	13
LASLUNN	13
COALGNASHER	7
REMNANT OF BARZILLAI	10
RUSALKA	12
AUGUR	1
EVANGELIST	6
INTERLOCUTOR	12
PRECENTOR	16
KRADOLAI	13
DALOS	13
DECULI	12
DEVOURER	11
YOUNG MAGMA DRAGON	9
ADULT MAGMA DRAGON	13
ANCIENT MAGMA DRAGON	18
DRAGONSCARRED DEAD	13
MAGMA GUARDIAN	12
FORGE-SPURNED	5
GASHADOKURO	13
DEADMOUTH	2
LAZURITE-INFUSED STONE GOLEM	12
KELDA HALRIG	8
THEA	11
CORRUPT GUARD	12
LAKE SERPENT	12
DUERGAR SLAVE LORD	13
TALAMIRA	13
XEVALORG	13
FALROK	14
KING HARRAL	14
KRALGURN	14
ACCURSED FORGE-SPURNED	15
ILSSRAH EMBERMEAD	15
ZUFERIAN	15
VESHUMIRIX	16
CARNIVOROUS CRYSTAL	11
SAGGORAK POLTERGEIST	12
SOULBOUND RUIN	15
ALUUM ENFORCER	10
SPIRITBOUND ALUUM	16
CALIKANG	12
DAEMON, CRUCIDAEMON (TORTURE DAEMON)	15
DEMON, NALFESHNEE (BOAR DEMON)	14
DEVIL, CORNUGON (HORNED DEVIL)	16
THE PROMISE OF FIRE	19
ASPIS OPERATIVE	14
ZEPHYR GUARD	14
SCARLET TRIAD ENFORCER	15
SCARLET TRIAD MAGE	15
JELEK JAZIMAN	17
BSHEZ ecSAND CLAWSed SHAK	17
SCARLET TRIAD BOSS	17
ISHTI	18
TEYAM ISHTORI	19
URI ZANDIVAR	19
IMMORTAL ICHOR	15
VTRIK	16
PRIHAYN TI HUET	18
GIANT SOLIFUGID	1
DUNESHAKER SOLIFUGID	18
WEATHERED WAIL	17
TSANDARKON	6
WITCHWYRD	6
XOTANISPAWN	17
AIUDARA WRAITH	18
JHALNIV	19
TRAMINANT	19
DRAGONSHARD GUARDIAN	22
INGNOVIM'S ASSISTANT	17
PROMISE GUARD	17
CITADEL GUARD	18
ANIMATED DRAGONSTORM	18
DRAGONSTORM FIRE GIANT	18
HERMEAN MUTANT	19
INGNOVIM TLUSS	19
EMALIZA ZANDIVAR	20
ILGRETH	20
INIZRA ARUMELO	20
RINNARV BONTIMAR	20
CANDLARON'S ECHO	21
LESSER MANIFESTATION OF DAHAK	22
MENGKARE	23
MANIFESTATION OF DAHAK	24
XOTANI, THE FIREBLEEDER	20
TARRASQUE, THE ARMAGEDDON ENGINE	25
TZITZIMITL	19
VAZGORLU	20
WYRMWRAITH	17
ELDER WYRMWRAITH	23
THAT BASTARD	3
MORVIGGUS	2
TIANO	2
BEAKTOOTH	3
BLINNY	1
EGGARD	1
GUSTON	1
OKEL	-1
WEX	-1
DOOPA	1
KRESKI	1
SKERIX	2
ANTARO BOLDBLADE	-1
BOLAR OF STONEMOOR	-1
GRUNKA	-1
MIRIEL GRAYLEAF	-1
PELMO	-1
SKEBS	-1
EUNICE	0
ALMIRAJ	1
CHEEL	1
JOSK	1
PICKLED PUNK	1
BATTLE LEADER REKAREK	2
COBBLESWARM	2
KEKKER AND GREF	2
KEMENELES	2
LYRMA SWAMPWALKER	2
SHREDSKIN	2
VARGOUILLE	2
ZRUKBAT	2
BINUMIR	3
GRICK	3
SIEGE SHARD	3
RALSO	4
HENDRID PRATCHETT	6
GROSPEK LAVARSUS	7
HOOTS	3
NOBBINDALE	5
RUSTY	4
BIG BERTA	2
LITTLE BIT	2
PRETTY GIRL	2
MARGLE	1
BONE SKIPPER SWARM	6
GIANT BONE SKIPPER	7
OVERSEER KEPSI	3
MASTIFF	1
DREADSONG DANCER	8
EXCORION	7
KOLO HARVAN	2
SANJIR	3
EURL	4
TIMOS	4
COPPER HAND ROGUE	4
SKINSAW INITIATE	5
COPPER HAND ILLUSIONIST	5
PALM	5
SKINSAW MURDERER	6
OFALTH ZOMBIE	7
SHRISTI MELIPDRA	7
FAYATI ALUMMUR	8
SKINSAW SEAMER	8
VIOLETTA	9
FREFFERTH	9
TYRROICESE	10
WRENT DICASPIRON	10
DROAN'S TOUGH	2
DROAN'S SMUGGLER	4
FRANZIC	5
PERCEN DROAN	7
NAJRA LIZARD	4
PROTOTYPE VAULTBREAKER OOZE	5
VAULTBREAKER OOZE	6
XITELBERAK	9
SKINSTITCH	5
TENOME	4
TERAPHANT	9
AKHA	4
KRISHMI	4
AVAREK	8
BREGDI	9
EBERARK	10
GHOUL, BARNACLE	9
BRAVE BUCKSHUCK	7
PIOLA	6
RAWBOY	6
DOLIT	7
HOOPER	7
IRWIST	7
QUICKLE	7
SHIM	7
SOLLY	7
DIOBEL SWEEPER TOUGH	7
WASHBOARD DOG TOUGH	7
ESPON	8
MARGY	8
CASINO BOUNCER	8
JINAE	9
TONLA	9
VAULT GUARD	9
WURTS	9
YVELLE	9
CHALKY	9
DIOBEL SWEEPER CHEMIST	9
SHIKWASHIM MERCENARY	9
MAURRISA JONNE	10
BLOODY BERLETH	11
GAGE CARLYLE	11
IRORAN SKELETON	11
SCATHKA	12
FRANCA LAURENTZ	13
OGGVURM THE MERCILESS	14
RAVENILE RAGER	14
SVARTALFAR KILLER	8
EKIMILIXUS	12
ZHUGHURR	3
NETTLE HAGBORN	3
CLOCKWORK ASSASSIN	13
UMEDE	13
JOROGUMO	13
CHITTERBRUISE	14
BRIGTIR GEVRIN	15
RAT SWARM	1
KEKKER AND GREF	3
LIENNI ESTROUGH	5
AMATEUR CHEMIST	5
CURVIKKO FLENT	6
KRASKO BULGEWATER	6
BLACKFINGERS ACOLYTE	6
SLEEPLESS SUN VETERAN	6
APHALIEL	8
GIANT JORO SPIDER	8
POISON EATER	8
VENOM MAGE	9
MORGRAT AND FILLICK	9
ALCHEMIST ASPIRANT	10
JAPU THALENGER	10
ANNIKIA	11
AVERY COLLESTIN	11
HORBUS SUNFALLOW	11
OLPHUS CORRENISH	11
NORGORBERITE POISONER	11
INOHR	12
PRIEST OF BLACKFINGERS	12
URBECK MUNSHO	12
KALYN POUNCH	12
RAHJITA DYAJJUS	12
GLOAMING WILL-O'-WISP	13
GRABBLE FORDEN	13
BLISTER	14
SOFTLY	14
VELBERI JALLIST	14
JONIS FLAKFATTER	15
THE RABBIT PRINCE	17
WYNSAL STARBORN	17
SHATTERLING	14
THE STABBING BEAST	15
THE CROWS	14
THE TANGLED BRIAR	16
BREEK	1
CLOCKWORK AMALGAM	20
ELEMENTAL VESSEL , WATER	16
ELEMENTAL VESSEL, WATER	16
CARNIVOROUS MUSHROOMS	11
LEVIALAR	18
LUSCA	17
MINCHGORM	18
MYRUCARX	18
GOLM	5
ZEAL-DAMNED GHOUL	10
SHADOW GUARDS	11
STARWATCH COMMANDO	11
GOON	12
BLACK WHALE GUARD	12
BLOODY BARBER GOON	12
CHILDREN OF VENOM	13
CLOCKWORK ASSASSIN	13
TIDERUNNER AQUAMANCER	13
BARREL LAUNCHER	14
CLOCKWORK CHOPPER	14
CLOCKWORK INJECTOR	14
GRIMWOLD	14
KAPRAL	14
LIE-MASTER	14
MR. SNIPS	14
PULPING GOLEM	14
IXUSOTH	15
CALENNIA	16
GARROTE MASTER ASSASSIN	16
GRAEM AND GRINLOWE	16
MYRNA RATH	16
MIOGIMO	17
MOTHER VENOM	17
SAD LIZA	17
TWISTED JACK	17
REGINALD VANCASKERKIN	18
LORD GUIRDEN	19
OBROUSIAN	14
POOL OF SECRETS	19
AGOLTHOLCH, BRINGER OF ROT	19
GOLM	5
ZEALBORN	12
BAATAMIDAR	21
CAMARACH	17
SORDESDAEMON (POLLUTION DAEMON)	15
AGRADAEMON (CONFLAGRATION DAEMON)	19
EXCORION PARAGON	18
BLUNE'S ILLUSORY TOADY	16
GHAELE OF KHARNAS	17
GRAVEKNIGHT OF KHARNAS	17
HUNDUN CHAOS MAGE	18
IL'SETSYA WYRMTOUCHED	18
SLITHERING RIFT	18
AGENT OF THE GRAY QUEEN	19
LIVING MURAL	19
ULRESSIA THE BLESSED	19
BLUNE BANDERSWORTH	20
DAEMONIC SKINNER	20
VEKSCIRALENIX	20
ALCHEMICAL HORROR	21
CHAOS GULGAMODH	21
DAEMONIC INFECTOR	22
DAEMONIC RUMORMONGER	22
HESTRIVINIAAS	22
AVSHEROS THE BETRAYER	23
OLANSA TERIMOR	23
HEGESSIK	15
OVERDRIVE IMENTESH	17
IZFIITAR	20
MIKIROS	22
RHEVANNA	22
PENQUAL	15
NENCHUUJ	19
XIRIKLES	20
BUGBEAR MARAUDER	2
WYRMLING GREEN DRAGON	4
DROW WARRIOR	1
GOBLIN IGNITER	1
HOBGOBLIN WARRIOR	1
KOBOLD TRAPMASTER	2
ORC SCRAPPER	0
ORC TROOPER	1
ORC COMMANDER	2
XULGATH BOSS	3
ARBITER	1
AXIOMITE	8
KOLYARUT	12
PLEROMA	20
SKUM (ULAT-KINI)	2
FACELESS STALKER (UGOTHOL)	4
ALGHOLLTHU MASTER (ABOLETH)	7
VEILED MASTER (VIDILETH)	14
CASSISIAN (ARCHIVE ANGEL)	1
CHORAL (CHOIR ANGEL)	6
BALISSE (CONFESSOR ANGEL)	8
ASTRAL DEVA (EMISSARY ANGEL)	14
ANIMATED BROOM	-1
ANIMATED ARMOR	2
ANIMATED STATUE	3
GIANT ANIMATED STATUE	7
ANKHRAV	3
HIVE MOTHER	8
GORILLA	3
MEGAPRIMATUS	8
ARBOREAL WARDEN	4
AWAKENED TREE	6
ARBOREAL REGENT	8
LANTERN ARCHON	1
HORNED ARCHON	4
LEGION ARCHON	7
SHIELD ARCHON	10
LYRAKIEN (WANDERER AZATA)	1
GANCANAGH (PASSION AZATA)	4
LILLEND (MUSE AZATA)	7
GHAELE (CRUSADER AZATA)	13
BANSHEE	17
BAOMAL	20
BARGHEST	4
GREATER BARGHEST	7
BASILISK	5
VAMPIRE BAT SWARM	1
GIANT BAT	2
GRIZZLY BEAR	3
CAVE BEAR	6
FLASH BEETLE	-1
GIANT STAG BEETLE	4
BLOODSEEKER	-1
BOAR	2
DAEODON	4
BOGGARD SCOUT	1
BOGGARD WARRIOR	2
BOGGARD SWAMPSEER	3
BRAIN COLLECTOR	8
BUGBEAR THUG	2
BUGBEAR TORMENTOR	3
BULETTE	8
BUNYIP	3
CALIGNI DANCER	1
CALIGNI CREEPER	2
CALIGNI STALKER	4
LEOPARD	2
LION	3
TIGER	4
SMILODON	6
CATFOLK POUNCER	1
CAUTHOOJ	12
PURPLE WORM	13
AZURE WORM	15
CRIMSON WORM	18
CENTAUR	3
GIANT CENTIPEDE	-1
CENTIPEDE SWARM	3
CHANGELING EXILE	3
CHIMERA	8
CHUUL	7
CLOAKER	5
COCKATRICE	3
CROCODILE	2
DEINOSUCHUS	9
CYCLOPS	5
GREAT CYCLOPS	12
CACODAEMON (HARVESTER DAEMON)	1
CEUSTODAEMON (GUARDIAN DAEMON)	6
LEUKODAEMON (PESTILENCE DAEMON)	9
ASTRADAEMON (VOID DAEMON)	16
DEEP GNOME SCOUT	1
DEEP GNOME WARRIOR	2
DEEP GNOME ROCKWARDEN	5
QUASIT	1
SUCCUBUS (LUST DEMON)	7
VROCK (WRATH DEMON)	9
GLABREZU (TREACHERY DEMON)	13
SHEMHAZIAN (MUTILATION DEMON)	16
MARILITH (PRIDE DEMON)	17
BALOR (FIRE DEMON)	20
DERO STALKER	2
DERO STRANGLER	3
DERO MAGISTER	5
LEMURE	0
IMP	1
BARBAZU (BEARDED DEVIL)	5
ERINYS (FURY DEVIL)	8
PHISTOPHILUS (CONTRACT DEVIL)	10
GELUGON (ICE DEVIL)	13
PIT FIEND (TYRANT DEVIL)	20
DEZULLON	10
DHAMPIR WIZARD	2
VELOCIRAPTOR	1
DEINONYCHUS	2
ANKYLOSAURUS	6
STEGOSAURUS	7
TRICERATOPS	8
BRONTOSAURUS	10
TYRANNOSAURUS	10
GUARD DOG	-1
RIDING DOG	1
DOPPELGANGER	3
DRAGON TURTLE	9
YOUNG WHITE DRAGON	6
YOUNG BLACK DRAGON	7
YOUNG GREEN DRAGON	8
YOUNG BLUE DRAGON	9
ADULT WHITE DRAGON	10
YOUNG RED DRAGON	10
ADULT BLACK DRAGON	11
ADULT GREEN DRAGON	12
ADULT BLUE DRAGON	13
ADULT RED DRAGON	14
ANCIENT WHITE DRAGON	15
ANCIENT BLACK DRAGON	16
ANCIENT GREEN DRAGON	17
ANCIENT BLUE DRAGON	18
ANCIENT RED DRAGON	19
YOUNG BRASS DRAGON	7
YOUNG COPPER DRAGON	8
YOUNG BRONZE DRAGON	9
YOUNG SILVER DRAGON	10
ADULT BRASS DRAGON	11
YOUNG GOLD DRAGON	11
ADULT COPPER DRAGON	12
ADULT BRONZE DRAGON	13
ADULT GOLD DRAGON	15
ANCIENT BRASS DRAGON	16
ANCIENT COPPER DRAGON	17
ANCIENT BRONZE DRAGON	18
ANCIENT SILVER DRAGON	19
ANCIENT GOLD DRAGON	20
DRAKAUTHIX	9
RIVER DRAKE	3
FLAME DRAKE	5
JUNGLE DRAKE	6
WYVERN	6
FROST DRAKE	7
DESERT DRAKE	8
DROW FIGHTER	1
DROW ROGUE	2
DROW PRIESTESS	3
DUERGAR SHARPSHOOTER	0
DUERGAR BOMBARDIER	1
DUERGAR TASKMASTER	2
DULLAHAN	7
EAGLE	-1
GIANT EAGLE	3
ELECTRIC EEL	1
GIANT MORAY EEL	5
ELANANX	6
ZEPHYR HAWK	3
LIVING WHIRLWIND	5
INVISIBLE STALKER	7
STORM LORD	9
ELEMENTAL HURRICANE	11
SOD HOUND	3
LIVING LANDSLIDE	5
XORN	7
STONE MAULER	9
ELEMENTAL AVALANCHE	11
CINDER RAT	3
LIVING WILDFIRE	5
SALAMANDER	7
FIREWYRM	9
ELEMENTAL INFERNO	11
AIR MEPHIT	1
EARTH MEPHIT	1
FIRE MEPHIT	1
WATER MEPHIT	1
BRINE SHARK	3
LIVING WATERFALL	5
QUATOID	7
TIDAL MASTER	9
ELEMENTAL TSUNAMI	11
ELEPHANT	7
MAMMOTH	10
ETHER SPIDER	5
ETTIN	6
FAERIE DRAGON	2
GROTHLUT	3
DRIDER	6
SNAPPING FLYTRAP	3
GIANT FLYTRAP	10
GARGOYLE	4
KAPOACINTH	4
JANNI	4
DJINNI	5
SHAITAN	7
EFREETI	9
MARID	9
GHOST COMMONER	4
GHOST MAGE	10
GHOUL	1
GHAST	2
HILL GIANT	7
STONE GIANT	8
FROST GIANT	9
FIRE GIANT	10
CLOUD GIANT	11
STORM GIANT	13
RUNE GIANT	16
GIBBERING MOUTHER	5
GIMMERLING	12
GNOLL HUNTER	2
GNOLL CULTIST	3
GNOLL SERGEANT	4
GOBLIN WARRIOR	-1
GOBLIN COMMANDO	1
GOBLIN PYRO	1
GOBLIN WAR CHANTER	1
GOBLIN DOG	1
GOGITETH	12
FLESH GOLEM	8
ALCHEMICAL GOLEM	9
CLAY GOLEM	10
STONE GOLEM	11
IRON GOLEM	13
ADAMANTINE GOLEM	18
GRAVEKNIGHT	10
MITFLIT	-1
PUGWAMPI	0
JINKIN	1
GRIFFON	4
GRIKKITOG	14
LESSER DEATH	16
GRIM REAPER	21
GUG	10
GUTHALLATH	19
SEA HAG	3
GREEN HAG	4
ANNIS HAG	6
NIGHT HAG	9
HARPY	5
HELL HOUND	3
NESSIAN WARHOUND	9
HOBGOBLIN SOLDIER	1
HOBGOBLIN ARCHER	4
HOBGOBLIN GENERAL	6
HOMUNCULUS	0
RIDING PONY	0
RIDING HORSE	1
WAR PONY	1
WAR HORSE	2
HYDRA	6
HYENA	1
HYAENODON	3
KOBOLD WARRIOR	-1
KOBOLD SCOUT	1
KOBOLD DRAGON MAGE	2
KRAKEN	18
KROOTH	8
LAMIA	6
LAMIA MATRIARCH	8
LEAF LESHY	0
GOURD LESHY	1
FUNGUS LESHY	2
LICH	12
DEMILICH	15
CRAG LINNORM	14
ICE LINNORM	17
TARN LINNORM	20
TOR LINNORM	21
GIANT GECKO	1
GIANT MONITOR LIZARD	2
GIANT FRILLED LIZARD	5
LIZARDFOLK DEFENDER	1
LIZARDFOLK SCOUT	1
LIZARDFOLK STARGAZER	2
MANTICORE	6
GIANT MANTIS	3
DEADLY MANTIS	11
MEDUSA	7
MERFOLK WARRIOR	1
MERFOLK WAVECALLER	2
MIMIC	4
MINOTAUR	4
MU SPORE	21
MUKRADI	15
MUMMY GUARDIAN	6
MUMMY PHARAOH	9
DARK NAGA	7
GUARDIAN NAGA	10
NIGHTMARE	6
GREATER NIGHTMARE	11
NILITH	10
NAIAD	1
DRYAD	3
NAIAD QUEEN	7
DRYAD QUEEN (HAMADRYAD)	13
GIANT OCTOPUS	8
OFALTH	10
OGRE WARRIOR	3
OGRE GLUTTON	4
OGRE BOSS	7
SEWER OOZE	1
GELATINOUS CUBE	3
OCHRE JELLY	5
BLACK PUDDING	7
ORC BRUTE	0
ORC WARRIOR	1
ORC WARCHIEF	2
OTYUGH	4
OWLBEAR	4
PEGASUS	3
PHOENIX	15
TIEFLING	3
DUSKWALKER	4
AASIMAR	5
POLTERGEIST	5
PORACHA	4
VOIDWORM	1
NAUNET	7
KEKETAR	17
NOSOI	1
MORRIGNA	15
PTERANODON	2
QUETZALCOATLUS	7
QUELAUNT	15
DANDASUKA	5
RAJA RAKSHASA	10
GIANT RAT	-1
RAT SWARM	1
RATFOLK GRENADIER	4
REDCAP	5
REEFCLAW	1
REMORHAZ	7
ROC	9
ROPER	10
RUST MONSTER	3
SATYR	4
GIANT SCORPION	3
SCORPION SWARM	4
SEA DEVIL SCOUT	2
SEA DEVIL BRUTE	4
SEA DEVIL BARON	6
SEA SERPENT	12
SHADOW	4
GREATER SHADOW	7
SHAMBLER	6
GREAT WHITE SHARK	4
MEGALODON	9
SHINING CHILD	12
SHOGGOTH	18
SHULN	12
SIMURGH	18
ENVYSPAWN	2
GLUTTONYSPAWN	2
GREEDSPAWN	2
LUSTSPAWN	2
PRIDESPAWN	2
SLOTHSPAWN	2
WRATHSPAWN	2
SKELETON GUARD	-1
SKELETAL CHAMPION	2
SKELETAL HORSE	2
SKELETAL GIANT	3
SKELETAL HULK	7
SKULLTAKER	18
SLURK	2
VIPER	-1
BALL PYTHON	1
GIANT VIPER	2
GIANT ANACONDA	8
CHAOTIC EVIL SOULBOUND DOLL	2
CHAOTIC GOOD SOULBOUND DOLL	2
CHAOTIC NEUTRAL SOULBOUND DOLL	2
LAWFUL EVIL SOULBOUND DOLL	2
LAWFUL GOOD SOULBOUND DOLL	2
LAWFUL NEUTRAL SOULBOUND DOLL	2
NEUTRAL EVIL SOULBOUND DOLL	2
NEUTRAL GOOD SOULBOUND DOLL	2
NEUTRAL SOULBOUND DOLL	2
SPHINX	8
SPIDER SWARM	0
HUNTING SPIDER	1
GIANT TARANTULA	6
GOLIATH SPIDER	11
SPRITE	-1
GRIG	1
PIXIE	4
TENGU SNEAK	2
TEROTRICUS	19
TREERAZER	25
TROLL	5
TROLL KING	10
UNICORN	3
UTHUL	14
VAMPIRE SPAWN ROGUE	4
VAMPIRE COUNT	6
VAMPIRE MASTERMIND	9
WARG	2
WINTER WOLF	5
WARSWORN	16
GIANT WASP	3
WASP SWARM	4
WEB LURKER	3
WEMMUTH	15
WENDIGO	17
WERERAT	2
WEREWOLF	3
WEREBEAR	4
WIGHT	3
WILL-O'-WISP	6
WOLF	1
DIRE WOLF	3
WRAITH	6
XULGATH WARRIOR	1
XULGATH SKULKER	2
XULGATH LEADER	3
YETI	5
ZARAMUUN	16
ZOMBIE SHAMBLER	-1
PLAGUE ZOMBIE	1
ZOMBIE BRUTE	2
ZOMBIE HULK	6
ADULT SILVER DRAGON	14
THELETOS	7
ZELEKHUT	9
MARUT	15
BYTHOS	16
AHUIZOTL	6
AKATA	1
MOVANIC DEVA (GUARDIAN ANGEL)	10
MONADIC DEVA (SOUL ANGEL)	12
PLANETAR (JUSTICE ANGEL)	16
SOLAR (ARCHANGEL)	23
ANIMATE DREAM	8
ANKOU	14
GIANT ANT	2
ARMY ANT SWARM	5
AOLAZ	18
HOUND ARCHON	4
TRUMPET ARCHON	14
STAR ARCHON	19
BASTION ARCHON	20
ASSASSIN VINE	3
ATHACH	12
ATTIC WHISPERER	4
AURUMVORAX	9
BRALANI (WIND AZATA)	6
VERANALLIA (REBIRTH AZATA)	20
BADGER	0
GIANT BADGER	2
BAOBHAN SITH	6
BASIDIROND	5
DRACOLISK	9
BLACK BEAR	2
POLAR BEAR	5
BEBILITH	10
BEHIR	8
BLINDHEIM	2
BLINK DOG	2
BLODEUWEDD	6
BODAK	8
BOG STRIDER	2
BROWNIE	1
CALATHGAR	4
CALIGNI SLAYER	3
CARBUNCLE	1
CATOBLEPAS	12
CAVE FISHER	2
GIANT WHIPTAIL CENTIPEDE	3
TITAN CENTIPEDE	9
CHOKER	2
CHUPACABRA	3
GIANT COCKROACH	1
COCKROACH SWARM	2
QUETZ COUATL	10
GIANT CRAB	2
CRAWLING HAND	-1
GIANT CRAWLING HAND	5
CULDEWEN	7
PISCODAEMON	10
MELADAEMON	11
DERGHODAEMON	12
THANADAEMON	13
PURRODAEMON	18
OLETHRODAEMON	20
BABAU	6
INVIDIAK	7
NABASU	8
HEZROU	11
NALFESHNEE	14
VROLIKAI	19
DENIZEN OF LENG	8
DESTRACHAN	8
ZEBUB (ACCUSER DEVIL)	3
SARGLAGON (DROWNING DEVIL)	8
OSYLUTH (BONE DEVIL)	9
HAMATULA (BARBED DEVIL)	11
GYLOU	14
CORNUGON	16
DIG-WIDGET	5
COMPSOGNATHUS	-1
PACHYCEPHALOSAURUS	3
HADROSAURID	4
IGUANODON	6
SPINOSAURUS	11
BOTTLENOSE DOLPHIN	0
ORCA	5
DOPRILLU	14
YOUNG CRYSTAL DRAGON	7
YOUNG BRINE DRAGON	8
YOUNG CLOUD DRAGON	10
YOUNG UMBRAL DRAGON	11
ADULT BRINE DRAGON	12
ADULT CLOUD DRAGON	14
ADULT UMBRAL DRAGON	15
ANCIENT CRYSTAL DRAGON	16
ANCIENT BRINE DRAGON	17
ANCIENT CLOUD DRAGON	19
ANCIENT UMBRAL DRAGON	20
GIANT DRAGONFLY NYMPH	3
GIANT DRAGONFLY	4
DRAINBERRY BUSH	7
SHADOW DRAKE	2
SEA DRAKE	6
DRAUGR	2
DWEOMERCAT	7
D'ZIRIAK	3
ELASMOSAURUS	7
SPARK BAT	2
LIVING THUNDERCLAP	4
BELKER	6
MELODY ON THE WIND	10
LIVING BOULDER	2
EARTHEN DESTRIER	4
SAND SENTRY	6
GRANITE GLYPTODONT	8
EMBER FOX	2
FILTH FIRE	4
STRIDING FIRE	6
MAGMA SCORPION	8
DUST MEPHIT	1
ICE MEPHIT	1
OOZE MEPHIT	1
STEAM MEPHIT	1
ICICLE SNAKE	2
MIST STALKER	4
BLIZZARDBORN	6
ICEWYRM	10
ANANCUS	8
MASTODON	9
FETCHLING SCOUT	1
IRNAKURSE	9
GHONHATINE	10
GIANT MAGGOT	0
GIANT FLY	1
SPEAR FROG	0
GIANT FROG	1
FROGHEMOTH	13
FROST WORM	12
WOOD GIANT	6
MARSH GIANT	8
TAIGA GIANT	12
CARRION GOLEM	4
ICE GOLEM	5
WOOD GOLEM	6
GLASS GOLEM	8
GORGON	8
GOSREG	11
VEXGIT	1
NUGLUB	2
GRENDEL	19
GRIMSTALKER	5
GRINDYLOW	0
GRODAIR	5
HELLCAT	7
HIPPOCAMPUS	1
GIANT HIPPOCAMPUS	8
HIPPOGRIFF	2
HIPPOPOTAMUS	5
BEHEMOTH HIPPOPOTAMUS	10
HODAG	6
HOUND OF TINDALOS	7
INTELLECT DEVOURER	8
IRLGAUNT	13
ISQULUG	11
JABBERWOCK	23
FIRE JELLYFISH SWARM	6
GIANT JELLYFISH	7
JYOTI	9
KELPIE	4
KORRED	4
GIANT LEECH	2
BROOD LEECH SWARM	4
LENG SPIDER	13
LEPRECHAUN	2
LERRITAN	21
SUNFLOWER LESHY	1
FLYTRAP LESHY	4
LEUCROTTA	5
LEYDROTH	17
SHOAL LINNORM	15
FJORD LINNORM	16
CAIRN LINNORM	18
TAIGA LINNORM	19
GIANT CHAMELEON	3
MEGALANIA	7
LURKER IN LIGHT	5
MANDRAGORA	4
MARRMORA	15
MOHRG	8
MOONFLOWER	8
MORLOCK	2
FEN MOSQUITO SWARM	3
GIANT MOSQUITO	6
MUDWRETCH	2
BOG MUMMY	5
LUNAR NAGA	6
SPIRIT NAGA	9
NECROPHIDIUS	3
NEOTHELID	15
NEREID	10
NIXIE	1
NORN	20
NUCKELAVEE	9
BLUE-RINGED OCTOPUS	0
REEF OCTOPUS	1
ONIDOSHI	8
ICE YAI	13
FIRE YAI	14
WATER YAI	17
AMOEBA SWARM	1
GIANT AMOEBA	1
SLIME MOLD	2
GRAY OOZE	4
VERDUROUS OOZE	6
CARNIVOROUS BLOB	13
PELUDA	10
PERYTON	4
PETITIONER, ABADDON (THE HUNTED)	1
PETITIONER, ABYSS (THE LARVAE)	1
PETITIONER, ASTRAL PLANE (THE UNTETHERED)	1
PETITIONER, AXIS (THE UNMADE)	1
PETITIONER, BONEYARD (THE DEAD)	1
PETITIONER, DEAD VAULT (THE CAGED)	1
PETITIONER, DIMENSION OF DREAMS (THE DREAMERS)	1
PETITIONER, ELYSIUM (THE CHOSEN)	1
PETITIONER, ETHEREAL PLANE (THE TERRORIZED)	1
PETITIONER, HEAVEN (THE ELECT)	1
PETITIONER, HELL (THE DAMNED)	1
PETITIONER, MAELSTROM (THE SHAPELESS)	1
PETITIONER, MATERIAL PLANE (THE REMNANTS)	1
PETITIONER, NIRVANA (THE CLEANSED)	1
PETITIONER, PLANE OF AIR (THE AIR PNEUMA)	1
PETITIONER, PLANE OF EARTH (THE EARTH PNEUMA)	1
PETITIONER, PLANE OF FIRE (THE FIRE PNEUMA)	1
PETITIONER, PLANE OF WATER (THE WATER PNEUMA)	1
PETITIONER, POSITIVE ENERGY PLANE (THE ENLIGHTENED)	1
PETITIONER, SHADOW PLANE (THE MUTILATED)	1
IFRIT PYROCHEMIST	1
OREAD GUARD	1
SULI DUNE DANCER	1
SYLPH SNEAK	1
UNDINE HYDROMANCER	1
AKIZENDRI	3
AZURETZI	5
IMENTESH	10
ESOBOK	3
CATRINA	5
VANTH	7
YAMARAJ	20
CYTHNIGOT	1
SHOGGTI	7
NYOGOTH	10
CHERNOBUE	12
AUGNAGAR	14
THULGANT	18
QUICKLING	3
QUOPPOPAK	11
RADIANT WARDEN	17
RAVEN	-1
RAVEN SWARM	3
RAVENER HUSK	14
RAVENER	21
STINGRAY	0
MANTA RAY	1
REVENANT	6
RHINOCEROS	4
WOOLLY RHINOCEROS	6
SARD	19
SCARECROW	4
SCEADUINAR	7
CAVE SCORPION	1
BLACK SCORPION	15
SCYTHE TREE	6
ZYSS SERPENTFOLK	2
AAPOPH SERPENTFOLK	3
COIL SPY	4
BONE PROPHET	8
SHOCKER LIZARD	2
SKAVELING	5
SKRIK NETTLE	6
SKULK	1
GIANT SLUG	8
SEA SNAKE	0
EMPEROR COBRA	5
SOUL EATER	7
SPECTER	7
DREAM SPIDER	0
OGRE SPIDER	5
SPIRAL CENTURION	11
SPORTLEBORE SWARM	7
SPRIGGAN BULLY	3
SPRIGGAN WARLORD	7
VAMPIRE SQUID	0
GIANT SQUID	9
STYGIRA	7
TATZLWYRM	2
TENDRICULOS	7
THRASFYR	17
THUNDERBIRD	11
GIANT TICK	1
TICK SWARM	9
GIANT TOAD	2
TOTENMASKE	7
TRITON	2
FROST TROLL	4
CAVERN TROLL	6
TWO-HEADED TROLL	8
JOTUND TROLL	15
TROLLHOUND	3
SNAPPING TURTLE	-1
GIANT SNAPPING TURTLE	9
TWIGJACK	3
UMONLEE	15
URDEFHAN WARRIOR	3
URDEFHAN TORMENTOR	5
VRYKOLAKAS SPAWN	6
VRYKOLAKAS MASTER	10
VRYKOLAKAS ANCIENT	13
VAMPIRIC MIST	3
VASPERCHAM	17
OSTIARIUS	5
SACRISTAN	10
EREMITE	20
VIOLET FUNGUS	3
VIPER VINE	13
VOID ZOMBIE	1
WEREBOAR	2
WERETIGER	4
CAIRN WIGHT	4
WITCHFIRE	9
WOLVERINE	2
GIANT WOLVERINE	4
WORM THAT WALKS	14
DREAD WRAITH	9
XILL	6
YELLOW MUSK THRALL	-1
YELLOW MUSK BRUTE	2
YELLOW MUSK CREEPER	2
YETH HOUND	3
ZOMOK	16
ADULT CRYSTAL DRAGON	11
ABANDONED ZEALOT	6
ADLET	10
SILVANSHEE (CAT AGATHION)	1
VULPINAL (FOX AGATHION)	6
PROCYAL (RACCOON AGATHION)	8
DRACONAL (DRAGON AGATHION)	20
AMALGAMITE	13
AMPHISBAENA	4
ANDROID INFILTRATOR	2
ANGAZHANI	8
ANIMATED SILVERWARE	1
ANIMATED FURNACE	9
ANIMATED TREBUCHET	13
ANIMATED COLOSSUS	15
ARBOREAL REAPER	7
ARBOREAL ARCHIVE	12
SHAUKEEN	1
ADHUKAIT	7
JAPALISURA	12
NIKARAMSA	14
AZARKETI EXPLORER	2
AZER	2
BAUBLE BEAST	6
BAYKOK	9
SEVERED HEAD	-1
FLAMING SKULL	2
BETOBETO-SAN	12
BISON	4
BLOOD PAINTER	9
BONE SHIP	18
BORE WORM SWARM	5
ICE BORE WORM SWARM	5
LAVA BORE WORM SWARM	5
MAGE-EATER BORE WORM SWARM	5
NECRAL BORE WORM SWARM	5
EMPRESS BORE WORM	7
EMPRESS ICE BORE WORM	7
EMPRESS LAVA BORE WORM	7
EMPRESS MAGE-EATER BORE WORM	7
EMPRESS NECRAL BORE WORM	7
BRAINCHILD	11
BUSO FARMER	3
CALIGNI VANGUARD	5
CALIGNI CALLER	6
CAMEL	1
HELLKNIGHT CAVALRY BRIGADE	8
CECAELIA TRAPPER	5
CHYZAEDU	10
CITY GUARD SQUADRON	5
CLOCKWORK SPY	-1
CLOCKWORK SOLDIER	6
CLOCKWORK MAGE	9
CLOCKWORK DRAGON	16
COBBLESWARM	2
STURZSTROMER	19
CONSONITE CHOIR	13
CORAL CAPUCHIN	1
CORRUPTED RELIC	4
MIX COUATL	8
XIUH COUATL	12
HERMIT CRAB SWARM	4
GIANT HERMIT CRAB	5
CROSSROADS GUARDIAN	7
DRETCH	2
BRIMORAK	5
OMOX	12
HELLBOUND ATTORNEY	4
LEVALOCH	7
MUNAGOLA	11
DEIMAVIGGA	17
DORU	1
DIV, AGHASH	4
DIV, PAIRAKA	7
DIV, SEPID	14
DIVINE WARDEN	5
YOUNG UNDERWORLD DRAGON	7
YOUNG SEA DRAGON	8
YOUNG SKY DRAGON	9
YOUNG FOREST DRAGON	10
ADULT UNDERWORLD DRAGON	11
YOUNG SOVEREIGN DRAGON	11
ADULT SEA DRAGON	12
ADULT SKY DRAGON	13
ADULT FOREST DRAGON	14
ADULT SOVEREIGN DRAGON	15
ANCIENT UNDERWORLD DRAGON	16
ANCIENT SEA DRAGON	17
ANCIENT SKY DRAGON	18
ANCIENT FOREST DRAGON	19
ANCIENT SOVEREIGN DRAGON	20
DRAMOFIR	14
DUENDE	2
DYBBUK	15
EINHERJI	10
AIR WISP	0
EARTH WISP	0
FIRE WISP	0
WATER WISP	0
IOTON	0
SHULSAGA	3
CAULBORN	7
ADACHROS	13
EUNEMVRO	5
COMMON EURYPTERID	-1
SPINY EURYPTERID	5
FESTROG	1
PUFFERFISH	-1
PIRANHA SWARM	3
FLUMPH	1
FORTUNE EATER	7
RED FOX	-1
FADING FOX	2
GALVO	9
GARUDA	9
GATHLAIN WANDERER	1
GHORAN MANIPULATOR	3
LENG GHOUL	10
CAVE GIANT	6
DESERT GIANT	9
TOMB GIANT	12
PLAGUE GIANT	14
GIRTABLILU SENTRY	8
GIRTABLILU SEER	12
GLIMINAL	9
GLOBSTER	5
FOSSIL GOLEM	12
MITHRAL GOLEM	16
GREEN MAN	24
GRIMPLE	-1
HANIVER	-1
FUATH	1
GRIOTH SCOUT	1
GRIOTH CULTIST	3
STONE LION CUB	2
STONE LION	4
GUECUBU	8
HADRINNEX	8
STORM HAG	5
WINTER HAG	7
BLOOD HAG	8
MOON HAG	10
HARMONA	11
HELLWASP SWARM	8
HEREXEN	2
HOUSE DRAKE	1
DOMOVOI	2
DVOROVOI	3
OVINNIK	4
HULDRA	4
HYAKUME	15
INCUTILIS	2
SHIKIGAMI	1
KODAMA	5
ZUISHIN	10
TOSHIGAMI	15
KANGAROO	0
KAPPA	2
KIRIN	7
KITSUNE TRICKSTER	2
KOKOGIAK	12
KONGAMATO	11
KOVINTUS GEOMANCER	3
KRAMPUS	21
KUCHISAKE-ONNA	14
KUROBOZU	6
KUSHTAKA	4
LEDALUSCA	2
VINE LESHY	0
CACTUS LESHY	2
SEAWEED LESHY	3
ARCANE LIVING RUNE	13
DIVINE LIVING RUNE	13
OCCULT LIVING RUNE	13
PRIMAL LIVING RUNE	13
LOCATHAH HUNTER	3
LOVELORN	4
MAFTET GUARDIAN	6
MEZLAN	14
MI-GO	6
MILLINDEMALION	13
MOBOGO	10
MONKEY	-1
MONKEY SWARM	2
MOOSE	3
ANGHEUVORE FLESH-GNAWER	2
GURGIST MAULER	6
LIFELEECHER BRAWLER	8
ETIOLING BLIGHTMAGE	10
PLATECARPUS	3
TYLOSAURUS	8
MOTHMAN	7
MUNAVRI SPELLBLADE	2
MYCELOID	4
NAGAJI SOLDIER	2
NAMORRODOR	5
NARWHAL	3
NEMHAITH	15
NIGHTGAUNT	4
NIGHTMARCHERS	14
LAMPAD	5
HESPERID	9
LAMPAD QUEEN	15
HESPERID QUEEN	19
GIANT OPOSSUM	2
KHRAVGODON	9
OSTOVITE	1
OUROBOROS	21
OWB	6
OWB PROPHET	13
MANTICORE PAARIDAR	7
GIANT PANGOLIN	4
PENANGGALAN	5
PERI	14
PHANTOM KNIGHT	4
PHANTOM BEAST	8
GANZI MARTIAL ARTIST	3
APHORITE SHARPSHOOTER	4
POPOBAWA	15
GIANT PORCUPINE	2
PUKWUDGIE	7
QUINTESSIVORE	10
RAKTAVARNA	1
MAHARAJA	20
RINGHORN RAM	0
ROSETHORN RAM	2
RANCOROUS PRIESTHOOD	11
RHU-CHALIK	6
ROILING INCANT	9
ROKUROKUBI	2
ESIPIL	1
NUCOL	4
WIHSAAK	6
PAKALCHI	9
XIMTAL	17
KIMENHUL	20
SAMSARAN ANCHORITE	1
SASQUATCH	2
SCALESCRIBE	3
GIANT SEAHORSE	3
SEETHING SPIRIT	11
SHABTI REDEEMER	4
SHAE	4
SHANTAK	8
MISERY SIKTEMPORA	12
TRIUMPH SIKTEMPORA	14
LOVE SIKTEMPORA	16
HATRED SIKTEMPORA	18
HARPY SKELETON	5
TYRANNOSAURUS SKELETON	9
SKELETON INFANTRY	11
STREET SKELM	3
SHRINE SKELM	5
PALACE SKELM	8
SOUL SKELM	10
SKULL PEELER	6
CLACKING SKULL SWARM	10
FERAL SKULL SWARM	12
SORCEROUS SKULL SWARM	14
SKUNK	-1
GIANT SKUNK	1
SLITHERING PIT	7
THREE-TOED SLOTH	-1
MEGATHERIUM	5
RAT SNAKE SWARM	2
VIPER SWARM	4
HIERACOSPHINX	5
ELDER SPHINX	16
CUNNING FOX	1
FEATHERED BEAR	10
NYKTERA	-1
MELIXIE	0
DRAXIE	3
SQUIRMING SWILL	2
GIANT FLYING SQUIRREL	2
STHENO HARPIST	1
STRIX KINMATE	2
SUMBREIVA	16
SWORDKEEPER	10
TATTOO GUARDIAN	3
TERRA-COTTA SOLDIER	6
TERRA-COTTA GARRISON	13
TERROR BIRD	2
TERROR SHRIKE	4
TIDDALIK	7
TIDEHAWK	12
TIKBALANG	9
DANAVA TITAN	23
HEKATONKHEIRES TITAN	24
TOLOKAND	15
TOOTH FAIRY	-1
TOOTH FAIRY SWARM	3
TRAILGAUNT	3
TRILOBITE	-1
TRILOBITE SWARM	3
ITTAN-MOMEN	2
KASA-OBAKE	4
CHOUCHIN-OBAKE	6
TUPILAQ	7
UMASI	6
VALKYRIE	12
NOSFERATU THRALL	8
NOSFERATU MALEFACTOR	10
NOSFERATU OVERLORD	15
VANARA DISCIPLE	1
VILDERAVN	16
VISHKANYA INFILTRATOR	3
GIANT VULTURE	3
WAYANG WHISPERBLADE	1
WEASEL	-1
MEGALICTIS	3
WEREBAT	2
WERECROCODILE	2
CRYPT WIZARD SPONGE	5
FEY DOMAIN WIZARD SPONGE	5
FIENDISH TEMPLE WIZARD SPONGE	5
TOXIC LAIR WIZARD SPONGE	5
UNDERWATER WIZARD SPONGE	5
WIZARD SPONGE	5
WOLLIPED	3
WYRWOOD SNEAK	1
YITHIAN	9
YZOBU	1
ZETOGEKI	7
SHAMBLER TROOP	4
SULFUR ZOMBIE	6
ZOMBIE DRAGON	9
UNSEEN SERVANT	-1
BARDOLPH	3
JUVENILE BOAR	0
BONE CROUPIER	5
SMOLDERING LEOPARD	3
VERMLEK	3
ABRIKANDILU (WRECKER DEMON)	4
BALENNI	6
PTERANODON	2
PINACOSAURUS	4
GIANT FLEA	3
FLEA SWARM	5
BLOOD LIVING GRAFFITI	3
CHALK LIVING GRAFFITI	3
INK LIVING GRAFFITI	3
OIL LIVING GRAFFITI	3
CORROSIVE LIZARD	2
MECHANICAL CARNY	2
ABBERTON RUFFIANS	-1
JALEEN AND RHOVO	1
VIOLET	1
EBBERN	2
ENKRISHA	2
FALDINOR	2
HORBA	2
CORRUPTED RETAINER	2
DARING DANIKA	2
JELLICO BOUNCE-BOUNCE	2
LEANDRUS	2
VIKTOR VOLKANO	2
BAK	3
CARLESSA	3
LAKKAI ONE-FANG	3
LESSA	3
THRENDEL	3
YORIL	3
CORRUPTED PRIEST	3
NEMMIA BRAMBLECLOAK	3
PRUANA TWO-PUNCH	3
SMILER	3
CAVNAKASH	5
LUMINOUS OOZE	4
CANNONO	1
TARISIA	1
BLOOD WOLF	3
XULGATH BILEBEARER	2
ASHAGITH	3
GOLGUKAN	3
BOGEY	3
BOGEYMAN	10
GIVZIB	1
GLUTTONDARK BABAU	7
GIGI	9
KREEL	7
PIDKIN	7
IRIDESCENT ELEPHANT	7
MUSE PHANTOM	5
AIVES THE SMOKE DRAGON	4
RUANNA NYAMMA	4
KALAGASH	5
SHRASHEK	5
UZENSSHEL	5
YAASHKA	5
XULGATH DEMON-CALLER	5
DELAMAR GIANVIN	6
GARZUKAAL	7
KALKEK	7
SARSHELLIX	7
ZUNKRI	7
EVORA YARKET	7
XULGATH MAGE	7
CELESTIAL MENAGERIE BRUISER	8
DARRICUS STALLIT	8
GUARDIAN OF THE FAITHFUL	8
ULTHADAR	8
ADRIVALLO	10
ANDERA PALDREEN	10
MISTRESS DUSKLIGHT	11
MAZAEL	5
JASMAILE	5
CALIM	4
FIDGET	4
LISH	4
CHIMPANZEE VISITANT	3
LION VISITANT	5
KAGRUD	2
XULGATH SPINESNAPPER	5
ZUIPNYRN	3
BUGABOO	6
BUGUL NOZ	12
CAT SITH	6
COUNTEFLORA	10
CU SITH	7
JORMIR GRUNDRYN	10
LUKO GRUNDRYN	10
HERECITE OF ZEVGAVIZEB	10
SWARDLANDS DELINQUENT	4
PIN TINGWHEELY	8
RUNKRUNK	10
DARKLANDS ALCHEMICAL GOLEM	10
GINJANA MINDKEEPER	11
HEADLESS XULGATH	11
SHOONY TILLER	0
SHOONY MILITIA MEMBER	2
SHOONY HIERARCH	4
JUVENILE GOLIATH SPIDER	6
BITTER TRUTH BANDIT	6
XULGATH SKIRMISHER	6
XULGATH BOMBER	7
GARKAR	8
KRARGEKKISS	8
XULGATH STONELIEGE	8
TANESSA FLEER	9
HOOKLIMB XULGATH	10
RESIN-SEEP XULGATH	10
YAGANTY	10
SKARJA	13
THESSEKKA	14
GIANT AUKASHUNGI	14
GAHLEPOD (JUVENILE BRUGHADATCH)	7
BRUGHADATCH (MIDLIFE BRUGHADATCH)	10
DOBLAGUB (ELDER BRUGHADATCH)	13
FACELESS BUTCHER	11
CARNOTAUR	9
AUKASHUNGI SWARM	10
SODDEN SENTINEL	11
ARSKUVA THE GNASHER	12
STIRVYN BANYAN	12
TASHLOCK BANYAN	12
WAR SAUROPELTA	12
LEDORICK BANYAN	14
STARVED STAFF	14
HELG EATS-THE-EATERS	15
LYRT COZURN	15
ZASHATHAL HEAD-TAKER	15
THE VANISH MAN	16
QURASHITH	17
TALLOW OOZE	11
WIGHT CULTIST	12
XILVIREK	12
XULGATH HERD-TENDER	8
XULGATH ROUGHRIDER	11
XULGATH HARDSCALE	12
XULGATH GUTRAGER	10
NEFRETHUT	18
AMMUT	18
MUURFELI	16
PASHFET	17
ARARDA	18
ELSHEKOR	17
CRYSTAL JACKAL	3
OBSIDIAN GOLEM	16
SHRAEN GRAVEKNIGHT	15
DEATH DRIDER	13
DROW BODYGUARD GOLEM	14
KHAROSTAN	16
QORMINTUR	16
ZINOGYVAZ	16
CIZA	17
NIHIRIS	17
DYZALLIN'S GOLEM	18
HOLLOW HUSH	18
DYZALLIN SHRAEN	19
IFFDAHSIL	21
BONEWHISPER	18
URDEFHAN HIGH TORMENTOR	10
URDEFHAN HUNTER	12
URDEFHAN DOMINATOR	14
THUNDERSTORM DEFENDER	15
VITALIA	18
RAPTOR GUARD WIGHT	13
XULGATH DEEPMOUTH	12
WEIGHS-THE-EPOCHS	20
DEGHUUN (CHILD OF MHAR)	18
IHDOR	18
VAVAKIA	18
LINNORM OF THE LAKE	21
ELYSIAN SHEEP	7
BARKING STAG	13
SHANCHEK	15
CONVERGENT GIANT EAGLE	15
DAUMIETH	16
CONVERGENT SOLDIER	16
KIMILEKKI	17
URUSHIL	18
THE BONE AUGUR	18
CONVERGENT KENDLEY NATHRAEL	19
KIROSTHREK	20
RIXVIR	21
SARVEL EVER-HUNGER	22
JIAREFF	7
SAURIAN WARMONGER	16
SAURIAN WORLDWATCHER	18
EILOSSEH	21
ELYSIAN TITAN	21
THANATOTIC TITAN	22
VISKITHREL	15
YESUVETH	18
XULGATH THOUGHTMAW	15
NOBLE	3
PALACE GUARD	4
ADVISOR	5
SPY	6
GRAVE ROBBER	1
BANDIT	2
RUFFIAN	2
CHARLATAN	3
BURGLAR	4
FENCE	5
ASSASSIN	8
ACOLYTE	1
PROPHET	2
ZEALOT	4
PRIEST	6
BEGGAR	-1
COMMONER	-1
URCHIN	-1
PRISONER	1
TORCHBEARER	0
CHRONICLER	3
GUIDE	4
TOMB RAIDER	5
POACHER	2
TRACKER	3
HUNTER	7
APOTHECARY	-1
PHYSICIAN	-1
SURGEON	2
PLAGUE DOCTOR	5
SERVANT	-1
DOCKHAND	0
FARMER	0
MINER	0
GRAVEDIGGER	1
JUDGE	-1
TAX COLLECTOR	-1
HARBORMASTER	3
WARDEN	6
BODYGUARD	1
MAGE FOR HIRE	3
BOUNTY HUNTER	4
MONSTER HUNTER	6
ADEPT	-1
HARROW READER	-1
CULTIST	1
FALSE PRIEST	4
NECROMANCER	5
CULT LEADER	7
DEMONOLOGIST	7
BARRISTER	-1
GUARD	1
ARCHER SENTRY	2
JAILER	3
WATCH OFFICER	3
CAPTAIN OF THE GUARD	6
EXECUTIONER	6
DANCER	1
ACROBAT	2
TROUBADOUR	3
BEAST TAMER	4
SERVER	-1
BARKEEP	1
INNKEEPER	1
DRUNKARD	2
LIBRARIAN	-1
TEACHER	-1
ASTRONOMER	2
SAGE	6
NAVIGATOR	2
PIRATE	2
BOSUN	3
SHIP CAPTAIN	6
APPRENTICE	-1
MERCHANT	-1
SMITH	3
GUILDMASTER	8
SABOTEUR	2
MASTERMIND	4
ANTIPALADIN	5
DESPOT	5
RECKLESS SCIENTIST	6
GANG LEADER	7
TAXIDERMIC DOG	1
PRINCESS SUNSET	2
CHARMING SCOUNDREL	4
HELLKNIGHT ARMIGER	4
PATHFINDER FIELD AGENT	4
RAIN-SCRIBE	4
VIRTUOUS DEFENDER	4
HELLKNIGHT PARAVICAR	11
PATHFINDER VENTURE-CAPTAIN	11
PRIVATEER CAPTAIN	11
TEMPEST-SUN MAGE	11
VETERAN RECLAIMER	11
BEE SWARM	1
FIERY LEOPARD	1
VINE LASHER	0
BLOODLASH BUSH	2
ALCHEMICAL DRUDGE	2
STONE HORSE	2
DRUNKEN FARMER	-1
GRAYTUSK	3
HALLOD	3
THE BEHEMOTH	3
LORD NAR	4
THE AMALGAM	4
THE SCULPTOR	4
VILREE	5
BLOOD OOZE	4
ORC ALCHEMIST	2
ICY RAT	0
GIANT LIGHTNING SERPENT	2
MANGY WOLF	-1
CAUSTIC WOLF	2
MUTANT WOLF	3
GOLGA	3
LORGBLO	3
OLBBIT	3
MWANGI MILLIPEDE SWARM	4
SANURA	7
ADEME	8
ANGAZHANI CULTIST	4
NGIRA	4
ASPIS GUARD	5
CROAKCHIEF GLOBBLIT SKINK-EATER	5
NYAMAT MSHWE	6
GARGZITH	7
AHVOTHIAN	7
ASPIS TECHNICIAN	7
CURSEBREAKER	9
PAGA NIKOHIAN	9
FUMING SLUDGE	7
LUROK	2
OLLI	3
SCALLIWING	3
GRIMSTONE	4
SLATE	4
BLUE FINLEY	4
HERMONIA	5
LARAPHIS	5
MWIBAH	6
KURNUGIAN JACKAL	6
ARISSON	4
OMBLIN LEADBUSTER	2
HARGRIT LEADBUSTER	4
KOTGAR LEADBUSTER	4
MORGRYM LEADBUSTER	4
ORC SCRAPPER	0
ORC COMMANDER	2
KARSTIN STAR-HAND	4
GIANT SPIDER	1
STINKWEED SHAMBLER	2
BOMELA	5